NOME,SOBRENOME,EMAIL,SEXO,DATA_NASCIMENTO,SALARIO,EMPRESA
Melissa,Almeida, ,F,1973-01-17,6077.96,MovilePay
Caio,Lima,CaioAzevedoLima@armyspy.com,M,1951-05-24,5202.26,MovilePay
Isabela,Correia,IsabelaRibeiroCorreia@cuvox.de,F,1978-02-28,6867.53,MovilePay
Julieta,Martins,JulietaDiasMartins@supermail.com,F,1957-02-27,7106.5,MovilePay
Julia,Carvalho,JulianSousaCarvalho@supermail.com,M,1987-04-12,6849.06,Ifood
Pedro,Azevedo,PedroFerreiraAzevedo@armyspy.com,M,1960-03-24,9440.79,MovilePay
Kauê,Pereira,KaueBarbosaPereira@teleworm.us,M,1947-12-26,6277.17,Zoop
Sofia,Rocha,SofiaCastroRocha@teleworm.us,F,1956-01-02,8064.63,Zoop
Vitor,Lima,VitorMeloLima@supermail.com,M,1984-04-14,9586.3,Zoop
Marcos,Dias,MarcosRochaDias@einrot.com,M,1959-03-06,7078.38,Zoop
Diego,Gomes,DiegoSantosGomes@armyspy.com,M,1949-12-09,9256.69,Zoop
André,Silva,AndreSantosSilva@cuvox.de,M,1978-11-11,9253.59,MovilePay
Rena,Martins,RenanSantosMartins@einrot.com,M,1978-01-21,8503.64,Ifood
Igor,Gomes,IgorSousaGomes@gustr.com,M,1991-09-10,5625.57,Sympla
 ,Ribeiro,JoaoMartinsRibeiro@jourrapide.com,M,1991-08-18,8863.25,Sympla
Carlos,Rocha,CarlosGomesRocha@supermail.com, ,1994-10-16,8949.38,Sympla
Davi,Pereira,DaviGoncalvesPereira@rhyta.com,M,1960-06-07,9117.6,Ifood
Alex,Araujo,AlexAlvesAraujo@einrot.com,M,1968-08-07,8497.94,Ifood
Eduardo,Rocha,EduardoCardosoRocha@armyspy.com,M,1975-03-15,5196.17,Ifood
Anna,Oliveira,AnnaAzevedoOliveira@cuvox.de,F,1979-10-11,9709.21,Ifood
Isabela,Goncalves,IsabelaAlmeidaGoncalves@superrito.com,F,1994-03-23,9587.7,Ifood
Brenda,Castro,BrendaCostaCastro@gustr.com,F,1975-04-20,6967.56,Ifood
Igor,Castro,IgorMeloCastro@fleckens.hu,M,1958-1-19,6341.23,Sympla
Thiago,Cavalcanti,ThiagoRodriguesCavalcanti@fleckens.hu,M,1991-04-12,5421.57,Sympla
Otávio,Rodrigues,OtavioFernandesRodrigues@teleworm.us,M,1971-01-13,6676.19,Sympla
Arthur,Cavalcanti,ArthurBarrosCavalcanti@einrot.com,M,1954-08-30,9079.71,Sympla
Davi,Pereira,DaviGoncalvesPereira@rhyta.com,M,1960-06-07,9117.6,Ifood
Alex,Araujo,AlexAlvesAraujo@einrot.com,M,1968-08-07,8497.94,Ifood
Eduardo,Rocha,EduardoCardosoRocha@armyspy.com,M,1975-03-15,5196.17,Ifood
Anna,Oliveira,AnnaAzevedoOliveira@cuvox.de,F,1979-10-11,9709.21,Ifood
Isabela,Goncalves,IsabelaAlmeidaGoncalves@superrito.com,F,1994-03-23,9587.7,Ifood
Brenda,Castro,BrendaCostaCastro@gustr.com,F,1975-04-20,6967.56,Ifood
Igor,Castro,IgorMeloCastro@fleckens.hu,M,1958-1-19,6341.23,Sympla
Thiago,Cavalcanti,ThiagoRodriguesCavalcanti@fleckens.hu,M,1991-04-12,5421.57,Sympla
Otávio,Rodrigues,OtavioFernandesRodrigues@teleworm.us,M,1971-01-13,6676.19,Sympla
Arthur,Cavalcanti,ArthurBarrosCavalcanti@einrot.com,M,1954-08-30,9079.71,Sympla
Clara,Almeida,ClaraCorreiaAlmeida@cuvox.de,F,1946-05-08,6246.03,Sympla
Julia,Gomes,JulianSousaGomes@superrito.com,M,1992-04-13,6917.19,Sympla
Vinicius,Melo,ViniciusBarrosMelo@armyspy.com,M,1950-10-30,7915.13,Sympla
Kauã,Castro,KauaSantosCastro@fleckens.hu,M,1966-01-29,6552.83,Sympla
Rodrigo,Castro,RodrigoCostaCastro@einrot.com,M,1989-01-17,9077.83,Sympla
Matheus,Melo,MatheusSilvaMelo@teleworm.us,M,1991-09-21,5463.94,Sympla
Caio,Correia,CaioAraujoCorreia@gustr.com,M,1974-03-30,6179.99,Zoop
Vitor,Dias,VitorRodriguesDias@jourrapide.com,M,1974-03-24,7766.4,Ifood
Rena,Dias,RenanOliveiraDias@jourrapide.com,M,1951-09-18,7474.53,Ifood
Mateus,Barbosa,MateusAlvesBarbosa@fleckens.hu,M,1965-05-19,6286.88,Ifood
Arthur,Fernandes,ArthurRibeiroFernandes@gustr.com,M,1972-06-14,5027.51,Ifood
Vinicius,Souza,ViniciusGomesSouza@armyspy.com,M,1980-11-13,7934.21,Ifood
José,Fernandes,JosePereiraFernandes@cuvox.de,M,1980-05-19,6389.18,Ifood
Vinícius,Cavalcanti,ViniciusBarrosCavalcanti@jourrapide.com,null,1979-02-20,5143.09,Ifood
Beatrice,Barbosa,BeatriceSouzaBarbosa@rhyta.com,F,1990-11-27,6954.73,Ifood
Julieta,Rodrigues,JulietaAraujoRodrigues@teleworm.us,F,1963-08-29,5269.48,Ifood
Beatriz,Souza,BeatrizCostaSouza@cuvox.de,F,1950-08-14,6580.01,Ifood
Beatriz,Rocha,BeatrizRibeiroRocha@supermail.com,F,1946-09-06,7906.83,Ifood
Sophia,Alves,SophiaCorreiaAlves@jourrapide.com,F,1972-09-20,9578.11,Ifood
Esteva,Carvalho,EstevanMartinsCarvalho@cuvox.de,M,1960-09-17,5452.67,Ifood
Daniel,Cavalcanti,DanielAraujoCavalcanti@supermail.com,M,1960-04-01,8585.59,Ifood
Kauã,Alves,KauaCostaAlves@supermail.com,M,1985-05-22,7046.86,Zoop
Carlos,Azevedo,CarlosCostaAzevedo@supermail.com,M,1966-09-22,7428.54,Zoop
Júlio,Cunha,JulioCostaCunha@rhyta.com,M,1970-05-20,8620.65,Zoop
Gabriela,Cunha,GabrielaCavalcantiCunha@superrito.com,F,1949-07-18,8167.43,Zoop
Kaua,Goncalves,KauaFernandesGoncalves@superrito.com,M,1953-08-01,6102.34,Zoop
Tânia,Lima,TaniaCunhaLima@einrot.com,F,1992-12-17,5265.6,Zoop
Marina,Pereira,MarinaPintoPereira@jourrapide.com,F,1977-06-21,5255.14,Zoop
Bruno,Dias,BrunoBarbosaDias@gustr.com,M,1946-05-31,5642.69,Zoop
Matilde,Barbosa,MatildePereiraBarbosa@einrot.com,F,1984-09-26,5163.69,Zoop
Isabella,Santos,IsabellaSilvaSantos@teleworm.us,F,1971-05-22,8410.25,Zoop
Rafaela,Silva,RafaelaBarbosaSilva@cuvox.de,F,1949-11-24,9009.66,Zoop
Enzo,Cavalcanti,EnzoLimaCavalcanti@gustr.com,M,1957-02-26,7440.67,Zoop
Vinicius,Ferreira,ViniciusCunhaFerreira@gustr.com,M,1992-07-29,8034.24,Zoop
Lua,Oliveira,LuanCarvalhoOliveira@cuvox.de,M,1985-05-12,6774.67,Zoop
Lara,Melo,LaraSouzaMelo@cuvox.de,F,1973-05-08,9863.52,Zoop
Luiza,Melo,LuizaCunhaMelo@einrot.com,F,1944-12-13,8276.02,Zoop
Emily,Rodrigues,EmilyMartinsRodrigues@fleckens.hu,F,1964-05-19,8919.71,Sympla
Brenda,Castro,BrendaCostaCastro@gustr.com,F,1975-04-20,7629.18,Sympla
Vitoria,Ribeiro,VitoriaSantosRibeiro@cuvox.de,F,1946-09-09,9941.88,Sympla
Danilo,Alves,DaniloCavalcantiAlves@rhyta.com,M,1972-05-16,7958.59,Sympla
Luís,Costa,LuisAzevedoCosta@rhyta.com,M,1984-10-04,5245.14,Sympla
Isabelle,Souza,IsabelleSantosSouza@gustr.com,F,1957-02-09,5055.56,Sympla
Leonardo,Pinto,LeonardoGomesPinto@supermail.com,M,1969-07-31,8617.9,Sympla
Diego,Ribeiro,DiegoCardosoRibeiro@jourrapide.com,M,1987-09-05,5760.47,Sympla
Sophia,Azevedo,SophiaCastroAzevedo@einrot.com,F,1984-11-02,7032.56,Sympla
Beatriz,Lima,BeatrizSouzaLima@gustr.com,F,1980-02-23,7574.88,Sympla
Felipe,Oliveira,FelipeFerreiraOliveira@supermail.com,M,1976-10-14,7896.12,Sympla
Marisa,Oliveira,MarisaBarrosOliveira@fleckens.hu,F,1981-10-11,7872.03,Sympla
Rebeca,Ferreira,RebecaMeloFerreira@jourrapide.com,F,1984-06-24,8329.24,Sympla
Kauã,Rodrigues,KauaOliveiraRodrigues@cuvox.de,M,1990-03-31,8330.46,Sympla
Carla,Silva,CarlaAraujoSilva@rhyta.com,F,1972-03-04,7715.29,Sympla
Leonor,Santos,LeonorSousaSantos@rhyta.com,F,1986-11-29,9048.8,Sympla
Kaua,Castro,KauaBarbosaCastro@teleworm.us,M,1992-05-04,6781.46,Sympla
Eduarda,Dias,EduardaRodriguesDias@cuvox.de,F,1982-08-31,8433.6,Sympla
Ágatha,Oliveira,AgathaCorreiaOliveira@jourrapide.com,F,1953-02-04,5900.22,Sympla
Mateus,Ribeiro,MateusGomesRibeiro@armyspy.com,M,1973-07-28,5472.01,Ifood
Emilly,Santos,EmillyCostaSantos@gustr.com,null,1983-07-31,8891.03,Ifood
Nicole,Martins,NicoleCostaMartins@gustr.com,F,1952-05-19,8436.75,Ifood
Rebeca,Carvalho,RebecaPintoCarvalho@supermail.com,F,1969-08-04,7932.41,Ifood
Sophia,Almeida,SophiaCardosoAlmeida@fleckens.hu,F,1988-03-14,7874.06,Ifood
José,Carvalho,JoseAzevedoCarvalho@fleckens.hu,M,1976-05-08,6994.14,Ifood
Gabrielle,Cavalcanti,GabrielleFernandesCavalcanti@einrot.com,F,1971-03-07,8291.67,Ifood
Thaís,Goncalves,ThaisBarbosaGoncalves@supermail.com,F,1959-07-02,8469.63,Ifood
Leonardo,Rodrigues,LeonardoAlmeidaRodrigues@superrito.com,M,1950-05-14,8729.41,Ifood
Julia,Sousa,JulianCunhaSousa@cuvox.de,M,1979-09-21,7766.44,Sympla
Manuela,Goncalves,ManuelaSouzaGoncalves@cuvox.de,F,1994-05-30,9139.5,Sympla
Laura,Cavalcanti,LauraPereiraCavalcanti@armyspy.com,F,1944-05-29,9690.69,Sympla
Arthur,Goncalves,ArthurAzevedoGoncalves@fleckens.hu,M,1978-06-10,8441.49,Sympla
Kauê,Ribeiro,KaueRodriguesRibeiro@fleckens.hu,M,1955-09-21,8067.21,Sympla
Rafael,Barbosa,RafaelOliveiraBarbosa@supermail.com,M,1984-04-26,7561.58,Sympla
Sophia,Almeida,SophiaCardosoAlmeida@fleckens.hu,F,1988-03-14,7874.06,Ifood
José,Carvalho,JoseAzevedoCarvalho@fleckens.hu,M,1976-05-08,6994.14,Ifood
Gabrielle,Cavalcanti,GabrielleFernandesCavalcanti@einrot.com,F,1971-03-07,8291.67,Ifood
Thaís,Goncalves,ThaisBarbosaGoncalves@supermail.com,F,1959-07-02,8469.63,Ifood
Leonardo,Rodrigues,LeonardoAlmeidaRodrigues@superrito.com,M,1950-05-14,8729.41,Ifood
Julia,Sousa,JulianCunhaSousa@cuvox.de,M,1979-09-21,7766.44,Sympla
Manuela,Goncalves,ManuelaSouzaGoncalves@cuvox.de,F,1994-05-30,9139.5,Sympla
Laura,Cavalcanti,LauraPereiraCavalcanti@armyspy.com,F,1944-05-29,9690.69,Sympla
Arthur,Goncalves,ArthurAzevedoGoncalves@fleckens.hu,M,1978-06-10,8441.49,Sympla
Kauê,Ribeiro,KaueRodriguesRibeiro@fleckens.hu,M,1955-09-21,8067.21,Sympla
Rafael,Barbosa,RafaelOliveiraBarbosa@supermail.com,M,1984-04-26,7561.58,Sympla
Rya,Barros,RyanAraujoBarros@cuvox.de,M,1987-04-06,5304.03,Sympla
Carlos,Cunha,CarlosCorreiaCunha@gustr.com,M,1946-04-14,8001.23,Sympla
Gabrielly,Martins,GabriellyOliveiraMartins@cuvox.de,F,1964-10-18,8824.7,Sympla
Julieta,Cardoso,JulietaRochaCardoso@armyspy.com,F,1969-06-22,5550.63,Sympla
Martim,Barbosa,MartimSousaBarbosa@teleworm.us,M,1963-10-16,8201.13,Sympla
Laura,Azevedo,LauraFerreiraAzevedo@einrot.com,F,1963-06-02,8511.53,Sympla
Nicole,Correia,NicoleAzevedoCorreia@superrito.com,F,1951-12-22,8317.79,Sympla
Danilo,Pereira,DaniloCavalcantiPereira@jourrapide.com,M,1994-09-26,7502.66,Sympla
Erick,Gomes,ErickMartinsGomes@armyspy.com,M,1971-03-18,5174.46,Sympla
Giovanna,Oliveira,GiovannaMeloOliveira@jourrapide.com,F,1980-12-26,9733.15,Sympla
Sophia,Correia,SophiaRochaCorreia@teleworm.us,F,1994-01-22,5406.27,Sympla
Evely,Almeida,EvelynAzevedoAlmeida@jourrapide.com,F,1989-03-28,9709.22,Sympla
Evely,Fernandes,EvelynPereiraFernandes@cuvox.de,F,1957-12-18,9156.55,Sympla
Luana,Oliveira,LuanaCavalcantiOliveira@cuvox.de,F,1946-05-23,8011.57,Sympla
Nicole,Rodrigues,NicoleMartinsRodrigues@rhyta.com,F,1953-08-16,9772.61,Sympla
Breno,Oliveira,BrenoMeloOliveira@jourrapide.com,M,1964-09-08,6960.44,Sympla
Brenda,Castro,BrendaCostaCastro@gustr.com,F,1975-04-20,9923.97,Sympla
Sofia,Araujo,SofiaOliveiraAraujo@fleckens.hu,F,1958-11-30,5253.75,Ifood
Júlia,Fernandes,JuliaCardosoFernandes@armyspy.com,F,1976-01-16,7395.45,Ifood
Mariana,Cavalcanti,MarianaPereiraCavalcanti@supermail.com,F,1972-04-23,8694.06,Ifood
Tiago,Ferreira,TiagoRibeiroFerreira@teleworm.us,M,1962-03-27,6710.05,Ifood
Júlia,Fernandes,null,F,1994-10-03,5335.61,Ifood
André,Sousa,AndreDiasSousa@rhyta.com,M,1985-11-17,5345.71,Ifood
Júlia,Santos,JuliaCostaSantos@jourrapide.com,F,1954-05-19,6351.18,Ifood
Enzo,Santos,EnzoPintoSantos@gustr.com,M,1979-05-13,6014.02,Ifood
Eduardo,Barbosa,EduardoGomesBarbosa@gustr.com,M,1968-08-05,7450.18,Ifood
Daniel,Santos,DanielFerreiraSantos@supermail.com,M,1955-11-17,9671.59,Ifood
Samuel,Correia,SamuelRochaCorreia@superrito.com,M,1958-05-19,9072.3,Ifood
Antônio,Oliveira,AntonioPereiraOliveira@fleckens.hu,M,1960-08-16,7309.32,Ifood
Melissa,Azevedo,MelissaMeloAzevedo@fleckens.hu,F,1975-01-29,5976.51,Sympla
Guilherme,Costa,GuilhermeFernandesCosta@jourrapide.com,M,1959-05-22,9509.27,Sympla
Julia,Costa,JuliaFerreiraCosta@supermail.com,F,1984-09-15,7751.33,Sympla
Diogo,Lima,DiogoRodriguesLima@gustr.com,M,1952-01-26,5818.94,Sympla
Beatriz,Souza,BeatrizCavalcantiSouza@armyspy.com,F,1985-09-04,6361.9,Sympla
Sophia,Goncalves,SophiaBarrosGoncalves@superrito.com,F,1974-03-07,5515.81,Sympla
Kaua,Ribeiro,KauaAlvesRibeiro@fleckens.hu,M,1983-01-22,7107.75,Sympla
Ágatha,Barbosa,AgathaLimaBarbosa@superrito.com,F,1984-10-12,8071.92,Sympla
Vinicius,Souza,ViniciusGoncalvesSouza@gustr.com,M,1983-06-17,5004.63,Sympla
Beatrice,Martins,BeatriceCavalcantiMartins@gustr.com,F,1972-01-21,7091.29,Sympla
Isabelle,Pinto,IsabelleGomesPinto@armyspy.com,F,1983-07-07,7630.14,Sympla
Beatriz,Correia,BeatrizOliveiraCorreia@teleworm.us,F,1967-05-19,8995.78,Sympla
Thaís,Barros,ThaisFerreiraBarros@cuvox.de,F,1986-12-30,7010.51,Sympla
Marcos,Castro,MarcosAlvesCastro@armyspy.com,M,1949-11-23,8521.7,Sympla
Emily,Lima,EmilyCorreiaLima@cuvox.de,F,1981-10-16,8862.87,Sympla
Arthur,Araujo,ArthurMeloAraujo@cuvox.de,M,1979-11-05,9577.64,Sympla
Bruno,Almeida,BrunoGomesAlmeida@rhyta.com,M,1989-08-26,5997.98,Sympla
Leila,Rodrigues,LeilaCavalcantiRodrigues@armyspy.com,F,1986-10-14,8950.5,Sympla
Bruno,Silva,BrunoRodriguesSilva@superrito.com,M,1974-05-12,6294.7,Sympla
Bianca,Araujo,null,F,1988-01-05,7378.17,Sympla
Marina,Barros,MarinaFernandesBarros@rhyta.com,F,1992-11-15,6801.09,Sympla
Thaís,Santos,ThaisMeloSantos@gustr.com,F,1954-03-14,6158.01,Sympla
Luiz,Ferreira,LuizDiasFerreira@supermail.com,M,1967-02-09,9310.95,MovilePay
Isabella,Silva,IsabellaOliveiraSilva@jourrapide.com,F,1964-04-10,5792.36,MovilePay
Carla,Dias,CarlaSouzaDias@cuvox.de,F,1976-01-20,5544.13,MovilePay
Rena,Goncalves,RenanRibeiroGoncalves@rhyta.com,M,1977-01-12,9499.38,MovilePay
Vitória,Pereira,VitoriaSantosPereira@fleckens.hu,F,1980-03-25,8448.67,MovilePay
Samuel,Lima,SamuelSilvaLima@armyspy.com,M,1973-01-28,5732.02,MovilePay
Caio,Rocha,CaioAzevedoRocha@einrot.com,M,1980-08-04,6073.01,MovilePay
Igor,Oliveira,IgorRochaOliveira@jourrapide.com,M,1992-07-24,6542.61,MovilePay
Rebeca,Araujo,RebecaCunhaAraujo@cuvox.de,F,1989-10-20,5886.39,MovilePay
Marina,Pinto,MarinaBarrosPinto@einrot.com,F,1982-10-29,8058.99,MovilePay
Fernanda,Araujo,FernandaPintoAraujo@teleworm.us,F,1984-01-05,5899.86,MovilePay
Diego,Correia,DiegoRibeiroCorreia@einrot.com,M,1986-10-06,9624.54,MovilePay
Lucas,Rodrigues,LucasAzevedoRodrigues@cuvox.de,M,1956-12-03,6702.32,MovilePay
Gustavo,Silva,GustavoFerreiraSilva@teleworm.us,M,1989-10-17,5899.31,MovilePay
João,Ribeiro,JoaoLimaRibeiro@einrot.com,M,1950-04-27,9125.77,Ifood
Lucas,Gomes,LucasDiasGomes@armyspy.com,M,1988-05-05,8175.99,Ifood
Livia,Rocha,LiviaPintoRocha@superrito.com,F,1964-05-19,5216.4,Ifood
Gabrielle,Correia,GabrielleCavalcantiCorreia@cuvox.de,F,1994-05-13,8302.17,Ifood
Vitor,Correia,VitorDiasCorreia@teleworm.us,M,1965-03-30,7017.41,Ifood
Victor,Castro,VictorCunhaCastro@einrot.com,M,1959-10-05,8173.65,Ifood
Camila,Rodrigues,CamilaCarvalhoRodrigues@fleckens.hu,F,1946-08-14,5223.18,Ifood
Júlia,Ribeiro,JuliaRochaRibeiro@superrito.com,F,1972-10-28,5221.45,Ifood
Isabelle,Cunha,IsabelleBarrosCunha@armyspy.com,F,1946-09-10,5411.25,Ifood
Emily,Fernandes,EmilyAraujoFernandes@armyspy.com,F,1960-08-26,5042.26,Ifood
Leila,Castro,LeilaAlmeidaCastro@teleworm.us,F,1955-11-08,5791.16,Ifood
Vinicius,Barros,ViniciusSousaBarros@gustr.com,M,1958-05-30,5977.68,Ifood
Tomás,Melo,TomasMartinsMelo@armyspy.com,M,1951-02-17,9054.37,Ifood
Ana,Santos,AnaDiasSantos@rhyta.com,F,1963-03-18,7870.01,Ifood
Giovana,Silva,GiovanaCorreiaSilva@fleckens.hu,F,1989-10-15,7245.37,Ifood
Melissa,Almeida,MelissaPereiraAlmeida@rhyta.com,null,1977-12-23,9287.68,Ifood
Luana,Azevedo,LuanaSantosAzevedo@armyspy.com,F,1954-08-16,5949.09,Ifood
Miguel,Ribeiro,MiguelGoncalvesRibeiro@jourrapide.com,M,1989-03-09,7476.63,Ifood
Kaua,Santos,KauaSilvaSantos@cuvox.de,M,1974-07-01,8188.77,MovilePay
Emilly,Barbosa,EmillyOliveiraBarbosa@gustr.com,F,1947-12-18,9427.2,MovilePay
Rebeca,Cardoso,RebecaLimaCardoso@supermail.com,F,1975-05-16,7767.51,MovilePay
Danilo,Santos,DaniloCardosoSantos@jourrapide.com,M,1983-09-11,5647.69,MovilePay
Kaua,Azevedo,KauanBarrosAzevedo@armyspy.com,M,1969-11-11,9034.47,MovilePay
Vitór,Sousa,VitorGoncalvesSousa@cuvox.de,M,1966-02-28,6697.76,MovilePay
Anna,Lima,AnnaCardosoLima@cuvox.de,F,1955-02-28,6917.63,MovilePay
Vinícius,Almeida,ViniciusMeloAlmeida@fleckens.hu,M,1955-11-27,8066.56,MovilePay
Beatrice,Costa,BeatriceLimaCosta@rhyta.com,F,1975-09-20,6744.01,MovilePay
Lucas,Almeida,LucasLimaAlmeida@superrito.com,M,1948-03-30,7952.05,MovilePay
Enzo,Dias,EnzoGoncalvesDias@jourrapide.com,M,1952-07-31,5960.2,MovilePay
Daniel,Lima,DanielPereiraLima@jourrapide.com,M,1951-09-06,5311.69,MovilePay
Matilde,Rodrigues,MatildePintoRodrigues@superrito.com,F,1972-05-08,6108.42,MovilePay
Tânia,Fernandes,TaniaGomesFernandes@superrito.com,F,1970-12-12,5572.33,MovilePay
Alex,Barbosa,AlexSilvaBarbosa@supermail.com,M,1977-04-12,8612.0,MovilePay
Lavinia,Gomes,LaviniaCardosoGomes@einrot.com,F,1976-11-23,8379.82,MovilePay
Kauã,Lima,KauaGomesLima@fleckens.hu,M,1981-02-12,5786.88,MovilePay
Felipe,Costa,null,M,1975-11-28,8461.7,MovilePay
Letícia,Correia,LeticiaOliveiraCorreia@fleckens.hu,F,1956-10-05,9551.74,MovilePay
Rena,Barros,RenanOliveiraBarros@superrito.com,M,1981-10-31,9806.96,MovilePay
Mateus,Martins,MateusSantosMartins@jourrapide.com,M,1984-01-26,6482.42,MovilePay
Bianca,Almeida,BiancaSantosAlmeida@rhyta.com,F,1983-06-15,5725.26,MovilePay
Júlia,Goncalves,JuliaSilvaGoncalves@rhyta.com,F,1985-07-07,7189.83,MovilePay
Miguel,Cardoso,MiguelCastroCardoso@einrot.com, ,1945-10-26,7256.11,Zoop
Guilherme,Fernandes,GuilhermeSousaFernandes@einrot.com,M,1979-03-04,9603.5,Zoop
Rena,Carvalho,RenanSousaCarvalho@fleckens.hu,M,1992-02-07,7083.79,Zoop
Livia,Pinto,LiviaCastroPinto@fleckens.hu,F,1948-03-09,9234.2,Zoop
Samuel,Azevedo,SamuelMeloAzevedo@einrot.com,M,1969-03-30,6568.94,Zoop
Nicole,Oliveira,NicoleCostaOliveira@fleckens.hu,F,1969-07-11,6224.9,Zoop
Isabela,Costa,IsabelaMartinsCosta@teleworm.us,F,1952-08-24,5417.22,Zoop
Júlio,Pinto,null,M,1978-08-23,9130.16,Zoop
Luana,Azevedo,LuanaSantosAzevedo@armyspy.com,F,1954-08-16,7757.17,Zoop
Júlio,Alves,JulioSilvaAlves@armyspy.com,M,1965-01-31,5406.7,Zoop
Maria,Lima,MariaRibeiroLima@supermail.com,F,1953-06-08,7660.13,Zoop
Julia,Rodrigues,JuliaGoncalvesRodrigues@fleckens.hu,F,1965-05-11,9687.07,Zoop
Tiago,Cavalcanti,TiagoLimaCavalcanti@teleworm.us,M,1959-04-18,7138.36,Zoop
Gustavo,Correia,GustavoOliveiraCorreia@rhyta.com,M,1994-02-03,8417.11,Zoop
Aline,Pinto,AlineCardosoPinto@armyspy.com,F,1983-11-14,7151.37,Zoop
Alice,Almeida,AliceCavalcantiAlmeida@gustr.com,F,1991-05-18,7690.28,Zoop
Lua,Melo,LuanFerreiraMelo@gustr.com,M,1988-03-23,7976.55,Zoop
Evely,Souza,EvelynRodriguesSouza@armyspy.com, ,1972-12-02,5965.86,Zoop
Luana,Martins,LuanaBarbosaMartins@gustr.com,F,1965-03-10,8048.75,Zoop
Davi,Cavalcanti,DaviBarbosaCavalcanti@supermail.com,M,1969-05-04,5850.84,Zoop
Julia,Pinto,JuliaPereiraPinto@fleckens.hu,F,1967-09-23,9768.71,Zoop
Esteva,Castro,EstevanSantosCastro@rhyta.com,M,1967-05-09,8697.17,Zoop
Matilde,Cavalcanti,MatildeRibeiroCavalcanti@einrot.com,F,1965-01-06,8761.75,Zoop
Luís,Araujo,LuisCarvalhoAraujo@armyspy.com,M,1973-05-16,7095.57,Zoop
Rodrigo,Ferreira,RodrigoGoncalvesFerreira@rhyta.com,M,1975-05-07,8574.7,Zoop
Cauã,Sousa,CauaCastroSousa@supermail.com,M,1986-06-28,9139.05,MovilePay
Carolina,Rodrigues,CarolinaOliveiraRodrigues@armyspy.com,F,1976-01-22,7689.52,MovilePay
Emilly,Carvalho,EmillyMartinsCarvalho@rhyta.com,F,1963-04-02,7680.03,MovilePay
Gabriela,Pinto,GabrielaAlvesPinto@cuvox.de,F,1951-02-13,5115.87,MovilePay
Paulo,Martins,PauloCorreiaMartins@superrito.com,M,1986-07-24,9059.75,MovilePay
Alex,Sousa,AlexRochaSousa@jourrapide.com,M,1963-03-09,9793.11,MovilePay
Kauê,Barbosa,KaueSousaBarbosa@jourrapide.com,M,1990-03-08,6255.16,MovilePay
Julieta,Melo,JulietaCunhaMelo@supermail.com,F,1967-09-25,6804.93,MovilePay
Manuela,Melo,ManuelaCostaMelo@einrot.com,F,1952-04-28,5579.45,MovilePay
Clara,Carvalho,ClaraCastroCarvalho@einrot.com,F,1965-10-01,7583.86,MovilePay
Manuela,Goncalves,ManuelaSouzaGoncalves@cuvox.de,F,1994-05-30,7098.0,MovilePay
Luis,Pereira,LuisDiasPereira@armyspy.com,M,1975-08-07,9059.87,MovilePay
Bianca,Rocha,BiancaPereiraRocha@fleckens.hu,F,1943-08-04,5792.34,MovilePay
 ,Fernandes,JoaoCarvalhoFernandes@cuvox.de,M,1975-09-16,6929.99,MovilePay
 ,Almeida,JoaoLimaAlmeida@armyspy.com,M,1947-09-10,8766.31,MovilePay
Julia,Goncalves,JuliaPintoGoncalves@armyspy.com,F,1976-12-09,8082.94,MovilePay
André,Martins,AndreAraujoMartins@supermail.com,M,1954-12-31,8140.33,MovilePay
Vinícius,Sousa,ViniciusLimaSousa@supermail.com,M,1975-12-25,9843.89,MovilePay
Tomás,Fernandes,TomasAzevedoFernandes@teleworm.us,M,1963-03-28,6800.6,MovilePay
Isabella,Gomes,IsabellaLimaGomes@jourrapide.com,F,1965-01-01,6501.2,MovilePay
Nicolash,Cavalcanti,NicolashMartinsCavalcanti@cuvox.de,M,1945-11-27,6544.79,MovilePay
Brenda,Oliveira,BrendaBarbosaOliveira@fleckens.hu,F,1969-01-11,8164.7,MovilePay
Leila,Goncalves,LeilaBarrosGoncalves@fleckens.hu,F,1993-03-27,7003.76,MovilePay
Camila,Cunha,CamilaCavalcantiCunha@einrot.com,F,1982-12-22,8584.66,MovilePay
Maria,Oliveira,MariaDiasOliveira@teleworm.us,F,1945-02-14,7321.31,MovilePay
Kai,Costa,KaiRibeiroCosta@supermail.com,M,1947-01-15,9973.91,MovilePay
Douglas,Cavalcanti,DouglasBarrosCavalcanti@jourrapide.com,M,1950-11-03,7514.92,MovilePay
Fernanda,Cunha,FernandaDiasCunha@einrot.com,F,1970-09-09,7021.0,Ifood
Miguel,Sousa,MiguelGoncalvesSousa@fleckens.hu,M,1992-12-13,7608.23,Ifood
Fernanda,Gomes,FernandaSilvaGomes@cuvox.de,F,1986-08-11,7305.44,Ifood
Kai,Correia,KaiSouzaCorreia@rhyta.com,M,1958-09-27,9509.46,Ifood
Júlia,Costa,JuliaAlvesCosta@cuvox.de,F,1968-07-02,5886.83,Ifood
Martim,Cunha,MartimAlvesCunha@cuvox.de,M,1947-01-13,9018.23,Ifood
Carlos,Rodrigues,CarlosCavalcantiRodrigues@einrot.com,M,1976-02-21,6437.7,Ifood
Raissa,Cunha,RaissaAlvesCunha@cuvox.de,F,1958-01-16,8320.86,Ifood
Isabelle,Rocha,IsabelleSouzaRocha@teleworm.us,F,1993-06-22,6301.82,Ifood
Felipe,Araujo,FelipePintoAraujo@teleworm.us,M,1972-03-26,7474.34,Ifood
Marisa,null,MarisaSousaCosta@fleckens.hu,F,1977-01-26,6464.26,Ifood
Clara,Cardoso,ClaraRochaCardoso@fleckens.hu,F,1966-02-05,7562.2,Ifood
Beatriz,Lima,BeatrizSouzaLima@rhyta.com,F,1959-10-06,5297.84,Ifood
Vitór,Araujo,VitorGomesAraujo@supermail.com,M,1956-08-08,7044.55,Ifood
Ana,Costa, ,F,1989-04-11,5705.99,Ifood
Arthur,Martins,ArthurFerreiraMartins@gustr.com,M,1993-04-23,7726.1,Ifood
Igor,Costa,IgorLimaCosta@armyspy.com,M,1958-12-24,5213.86,Ifood
Davi,Pereira,DaviCorreiaPereira@jourrapide.com,M,1982-06-07,8387.91,Ifood
Lucas,Pereira,LucasPintoPereira@teleworm.us,M,1950-09-10,5311.24,Ifood
Mariana,Dias,MarianaCardosoDias@cuvox.de,F,1961-06-08,6009.97,Ifood
Luiz,Costa,LuizRibeiroCosta@teleworm.us,M,1992-12-30,5319.8,Ifood
Maria,Rocha,MariaAraujoRocha@cuvox.de,F,1979-05-08,7122.41,MovilePay
Giovana,Gomes,GiovanaBarrosGomes@einrot.com,F,1980-10-04,6414.88,MovilePay
Kauã,Pereira,KauaCunhaPereira@teleworm.us,M,1951-03-14,6703.0,MovilePay
Isabela,Azevedo,IsabelaFernandesAzevedo@rhyta.com,F,1950-05-19,8784.08,Sympla
Tânia,Martins,TaniaDiasMartins@teleworm.us,F,1947-10-29,5147.64,Sympla
Nicolash,Goncalves,NicolashCarvalhoGoncalves@armyspy.com,M,1975-08-10,5247.33,Sympla
Camila,Carvalho,CamilaOliveiraCarvalho@supermail.com,F,1972-02-02,5750.59,Sympla
Cauã,Fernandes,CauaBarbosaFernandes@jourrapide.com,M,1990-02-10,5078.54,Sympla
Lavinia,Melo,LaviniaCavalcantiMelo@teleworm.us,null,1972-02-03,8389.47,Zoop
Daniel,Cardoso,DanielCorreiaCardoso@supermail.com,M,1962-09-13,9630.71,Zoop
Vinícius,Fernandes,ViniciusAzevedoFernandes@cuvox.de,M,1979-11-01,5009.68,Zoop
Fábio,Martins,FabioBarrosMartins@teleworm.us,M,1959-07-18,5962.78,Zoop
Victor,Cardoso,VictorFerreiraCardoso@armyspy.com,M,1970-12-25,5241.72,Zoop
Amanda,Cavalcanti,AmandaGomesCavalcanti@gustr.com,F,1949-03-14,6370.97,Zoop
Bruna,Castro,BrunaFerreiraCastro@supermail.com,F,1977-06-16,5331.96,Zoop
Diogo,Gomes,DiogoMartinsGomes@superrito.com,M,1976-01-05,9349.79,Zoop
Samuel,Ribeiro,SamuelAlvesRibeiro@jourrapide.com,M,1975-02-23,8191.93,Zoop
Larissa,Cunha,LarissaPereiraCunha@superrito.com,F,1972-05-29,9411.83,Zoop
Eduardo,Pereira,EduardoSantosPereira@gustr.com,M,1946-03-14,9782.79,Zoop
Otávio,Almeida,OtavioCunhaAlmeida@rhyta.com,M,1987-09-04,9019.67,Zoop
Laura,Castro,LauraCorreiaCastro@einrot.com,F,1983-08-21,9565.6,Zoop
Raissa,Alves,RaissaOliveiraAlves@gustr.com,F,1980-09-29,6971.04,Zoop
Marina,Pereira,MarinaAzevedoPereira@supermail.com,F,1985-10-22,7084.06,Zoop
Rodrigo,Pereira,RodrigoCardosoPereira@einrot.com,M,1960-03-24,7422.1,Zoop
Vitória,Gomes,VitoriaLimaGomes@fleckens.hu,F,1950-08-13,9472.67,Zoop
Douglas,Rocha,DouglasCunhaRocha@einrot.com,M,1945-03-09,5973.34,Zoop
Evely,Carvalho,EvelynRibeiroCarvalho@superrito.com,F,1989-01-25,9166.83,Zoop
Murilo,Sousa,MuriloCunhaSousa@gustr.com,M,1976-03-26,6319.2,Sympla
Luis,Carvalho,LuisCostaCarvalho@einrot.com,M,1947-02-24,6143.12,Sympla
Eduardo,Barros,EduardoCardosoBarros@teleworm.us,M,1981-10-21,9981.5,Sympla
Vitória,Pereira,VitoriaSantosPereira@fleckens.hu,F,1980-03-25,7160.58,Sympla
Amanda,Melo,AmandaAlmeidaMelo@armyspy.com,F,1958-12-11,7651.91,Sympla
Rena,Gomes,RenanMartinsGomes@superrito.com,M,1949-11-22,5233.48,Sympla
Lavinia,Azevedo,LaviniaAlmeidaAzevedo@cuvox.de,F,1985-10-18,7044.42,Sympla
Kauã,Barros,KauaRochaBarros@gustr.com,M,1990-10-22,9396.31,Sympla
Kaua,Fernandes,KauaBarrosFernandes@teleworm.us,M,1970-06-06,7554.16,Sympla
Amanda,Fernandes,AmandaCunhaFernandes@rhyta.com,F,1992-09-15,6648.82,Sympla
Samuel,Ribeiro,SamuelRochaRibeiro@teleworm.us,M,1985-10-30,5284.13,Sympla
Martim,Castro,MartimBarrosCastro@gustr.com,M,1962-07-28,6384.38,Sympla
Caio,Almeida,CaioPereiraAlmeida@teleworm.us,M,1984-04-11,9850.37,Sympla
Nicole,Castro,NicoleLimaCastro@einrot.com,F,1969-1-19,6188.06,Sympla
Bruna,Rocha,BrunaCunhaRocha@teleworm.us,F,1943-05-13,7505.07,Sympla
Caio,Pereira,CaioSousaPereira@rhyta.com,M,1982-07-01,7957.04,Sympla
Ágatha,Castro,AgathaPintoCastro@fleckens.hu,F,1991-02-08,6256.63,Sympla
Rafael,Almeida,RafaelRochaAlmeida@rhyta.com,M,1974-11-26,6133.81,Sympla
Thiago,Pereira,ThiagoCastroPereira@superrito.com,M,1953-12-24,8330.7,Sympla
Caio,Sousa,CaioSouzaSousa@jourrapide.com,M,1945-04-03,8971.77,Sympla
Fernanda,Pinto,FernandaSantosPinto@einrot.com,F,1965-09-05,8819.25,Sympla
Rya,Gomes,RyanRochaGomes@gustr.com,M,1961-05-19,5338.72,Sympla
Júlia,Lima,null,F,1962-03-13,8428.36,Sympla
Kauã,Melo,KauaCarvalhoMelo@cuvox.de,M,1961-08-13,9131.6,Sympla
Lara,Alves,LaraPereiraAlves@gustr.com,F,1974-12-18,8949.07,MovilePay
Fernanda,Rocha,FernandaAlmeidaRocha@cuvox.de,F,1988-04-06,6083.85,MovilePay
Manuela,Fernandes,ManuelaCarvalhoFernandes@rhyta.com,F,1976-08-28,5698.64,MovilePay
Manuela,Goncalves,ManuelaSouzaGoncalves@cuvox.de,F,1994-05-30,9685.77,MovilePay
João,Almeida,JoaoCarvalhoAlmeida@jourrapide.com,M,1990-08-31,9394.82,MovilePay
Luiza,Melo,LuizaOliveiraMelo@einrot.com,F,1957-09-21,8707.99,MovilePay
Tânia,Santos,TaniaFerreiraSantos@einrot.com,F,1954-05-15,9146.87,MovilePay
Clara,Cavalcanti,ClaraBarrosCavalcanti@cuvox.de,F,1968-08-08,5769.99,MovilePay
Sofia,Azevedo,SofiaDiasAzevedo@cuvox.de,F,1969-05-21,7795.38,MovilePay
Carlos,Barros,CarlosAzevedoBarros@jourrapide.com,M,1947-10-29,5975.03,MovilePay
Antônio,Fernandes,AntonioSantosFernandes@jourrapide.com,M,1955-07-24,6338.59,Zoop
Vinicius,Goncalves,ViniciusDiasGoncalves@fleckens.hu,M,1981-08-17,6624.67,Zoop
Luana,Azevedo,LuanaSantosAzevedo@armyspy.com,F,1954-08-16,8534.41,Zoop
Murilo,Dias,MuriloCunhaDias@teleworm.us,M,1994-06-15,8781.53,Zoop
Eduardo,Ferreira,EduardoDiasFerreira@einrot.com,M,1974-04-09,5625.81,Zoop
Samuel,Rodrigues,SamuelAraujoRodrigues@einrot.com,M,1980-04-15,6036.52,Zoop
Vitória,Pereira,VitoriaSantosPereira@fleckens.hu,F,1980-03-25,5267.82,Zoop
Martim,Barros,MartimRodriguesBarros@einrot.com,M,1981-05-19,6212.72,Zoop
Kaua,Gomes,KauaPereiraGomes@einrot.com,M,1991-09-05,5394.72,Zoop
Lucas,Pinto,LucasCastroPinto@rhyta.com,M,1986-07-03,8891.82,Zoop
Luís,Santos,LuisCorreiaSantos@armyspy.com,M,1956-12-30,9556.64,Zoop
Isabella,Cunha,IsabellaCarvalhoCunha@superrito.com,F,1977-07-06,7267.46,Zoop
Marina,Cunha,MarinaDiasCunha@jourrapide.com,F,1946-04-24,9342.39,Zoop
Sophia,Cunha,SophiaDiasCunha@einrot.com,F,1986-08-05,5555.76,Zoop
Clara,Correia,ClaraBarbosaCorreia@fleckens.hu,F,1967-09-21,5964.64,Zoop
Melissa,Dias,MelissaCunhaDias@armyspy.com,F,1994-02-02,9619.8,Zoop
Vinícius,Oliveira,ViniciusBarbosaOliveira@fleckens.hu,M,1976-09-07,9742.17,Zoop
Julia,Cunha,JulianFerreiraCunha@jourrapide.com,M,1953-01-26,5896.97,Zoop
 , ,JoaoBarrosFernandes@teleworm.us,M,1943-12-27,5134.05,Zoop
Fernanda,Araujo,FernandaCunhaAraujo@superrito.com,F,1959-05-26,8635.64,MovilePay
Diogo,Pereira,DiogoDiasPereira@teleworm.us,M,1982-10-04,5721.76,MovilePay
Igor,Sousa,IgorDiasSousa@armyspy.com,M,1990-05-18,6039.57,MovilePay
Emily,Cunha,EmilyAlmeidaCunha@einrot.com,F,1982-10-14,7882.82,MovilePay
Ágatha,Sousa,AgathaDiasSousa@gustr.com,F,1945-05-06,7260.06,MovilePay
Nicolas,Azevedo,NicolasRibeiroAzevedo@rhyta.com,M,1965-08-05,8110.61,MovilePay
Luiza,Martins,LuizaRibeiroMartins@rhyta.com,F,1984-12-01,5747.86,MovilePay
Vitor,Fernandes,VitorFerreiraFernandes@teleworm.us,M,1982-08-21,9598.12,MovilePay
Diego,Pinto,DiegoRodriguesPinto@cuvox.de,null,1982-05-19,6959.47,MovilePay
Eduardo,Sousa,EduardoRodriguesSousa@rhyta.com,M,1981-11-22,8334.45,MovilePay
Nicolash,Melo,NicolashBarbosaMelo@armyspy.com,M,1989-03-24,8354.31,Ifood
Beatrice,Pereira,BeatriceAlmeidaPereira@rhyta.com,F,1974-05-12,5691.94,Ifood
Thaís,Azevedo,ThaisBarrosAzevedo@fleckens.hu,F,1994-03-13,7210.34,Ifood
Lucas,Melo,LucasCardosoMelo@teleworm.us,M,1986-04-14,9499.32,Ifood
Luana,Azevedo,LuanaSantosAzevedo@armyspy.com,F,1954-08-16,8860.19,Ifood
José,Araujo, ,M,1951-02-23,9817.42,Ifood
Livia,Pereira,LiviaCastroPereira@fleckens.hu,F,1984-09-06,8106.57,Ifood
Paulo,Cavalcanti,PauloSilvaCavalcanti@supermail.com,M,1974-06-22,7006.33,Ifood
Bruno,Costa,BrunoCunhaCosta@cuvox.de,M,1965-04-17,5903.13,Ifood
 ,Cavalcanti,JoaoRibeiroCavalcanti@rhyta.com,null,1946-09-25,9357.13,Ifood
Victor,Correia,VictorSilvaCorreia@jourrapide.com,M,1987-09-10,7308.11,Ifood
Luiz,Sousa,LuizMartinsSousa@einrot.com,M,1959-04-18,6254.87,Ifood
 ,Martins,JoaoCavalcantiMartins@einrot.com,M,1952-04-12,7566.31,Ifood
Guilherme,Oliveira,GuilhermeAraujoOliveira@rhyta.com,M,1987-03-24,8890.55,Ifood
Felipe,Barbosa,FelipeSousaBarbosa@armyspy.com,M,1982-10-28,9263.18,Ifood
Rodrigo,Cavalcanti,RodrigoBarrosCavalcanti@jourrapide.com,M,1959-01-23,5930.39,Ifood
Diogo,Fernandes,null,M,1987-02-01,5758.84,Ifood
Martim,Oliveira,MartimCastroOliveira@armyspy.com,M,1973-10-08,8967.31,Ifood
Ágatha,Martins,AgathaAzevedoMartins@cuvox.de,F,1985-03-01,9449.57,Ifood
Martim,Correia,MartimCostaCorreia@rhyta.com,M,1966-07-03,7790.77,Ifood
Vitória,Pereira,VitoriaSantosPereira@fleckens.hu,F,1980-03-25,8971.84,Ifood
Gustavo,Barbosa,GustavoGoncalvesBarbosa@einrot.com,M,1966-04-21,9592.22,Ifood
José,Ribeiro,JoseCostaRibeiro@teleworm.us,M,1976-07-30,7229.27,Ifood
Giovanna,Correia,GiovannaCostaCorreia@armyspy.com,F,1948-09-11,5593.88,Ifood
Daniel,Fernandes,DanielAlmeidaFernandes@rhyta.com,M,1955-12-07,9971.98,MovilePay
Cauã,Azevedo,CauaSousaAzevedo@einrot.com,M,1977-05-20,7687.46,MovilePay
Manuela,Goncalves,ManuelaSouzaGoncalves@cuvox.de,F,1994-05-30,9925.76,MovilePay
Gustavo,Castro,GustavoPintoCastro@einrot.com,M,1961-11-14,7680.77,MovilePay
João,Pereira,JoaoBarbosaPereira@gustr.com,M,1943-07-02,9164.92,MovilePay
Gabriel,Almeida,GabrielBarbosaAlmeida@armyspy.com,M,1947-03-30,8190.21,MovilePay
Emilly,Souza,EmillyCunhaSouza@gustr.com,F,1984-12-13,6292.29,Zoop
Bruna,Melo,BrunaSantosMelo@rhyta.com,F,1959-03-26,7786.54,Zoop
Pedro,Alves,PedroPereiraAlves@supermail.com,M,1948-10-10,7955.8,Zoop
Vitória,Alves,VitoriaAlmeidaAlves@armyspy.com,F,1947-09-05,5273.53,Zoop
Leonardo,Ferreira,LeonardoCardosoFerreira@superrito.com,M,1949-05-22,6455.04,Zoop
Bianca,Correia,BiancaSouzaCorreia@einrot.com,F,1980-03-12,7094.4,Zoop
Raissa,Costa,RaissaFerreiraCosta@superrito.com,F,1962-03-04,8417.28,Zoop
Vitoria,Carvalho,VitoriaCavalcantiCarvalho@rhyta.com,F,1948-09-07,6415.46,Zoop
Alex,Cardoso,AlexRochaCardoso@gustr.com,M,1978-03-04,6176.79,Zoop
Luís,Martins,LuisRibeiroMartins@teleworm.us,M,1981-01-13,9299.07,Zoop
Samuel,Azevedo,SamuelOliveiraAzevedo@fleckens.hu,M,1963-01-18,8954.06,Zoop
Kaua,Ferreira,KauaSousaFerreira@einrot.com,M,1980-07-20,7960.06,Zoop
Isabelle,Barbosa,IsabelleCunhaBarbosa@superrito.com,F,1967-04-08,6240.9,Zoop
Douglas,Barros,DouglasRibeiroBarros@rhyta.com,M,1974-06-23,7059.08,Zoop
Carlos,Gomes,CarlosOliveiraGomes@teleworm.us,M,1984-03-18,8838.6,Zoop
Eduardo,Carvalho,EduardoBarbosaCarvalho@armyspy.com,M,1944-07-09,5107.16,Zoop
Luis,Dias,LuisPintoDias@supermail.com,M,1952-11-23,6978.31,Zoop
Brenda,Castro,BrendaCostaCastro@gustr.com,F,1975-04-20,6618.14,Zoop
Isabella,Goncalves,IsabellaAlmeidaGoncalves@einrot.com,F,1984-04-14,7091.8,Zoop
Isabela,Lima,IsabelaPintoLima@fleckens.hu,F,1975-12-22,6077.55,Zoop
Cauã,Melo,CauaCavalcantiMelo@fleckens.hu,M,1954-06-22,7055.43,Zoop
Davi,Pinto,DaviAzevedoPinto@armyspy.com,M,1994-06-20,5404.19,MovilePay
Kaua,Santos,KauaGoncalvesSantos@jourrapide.com,M,1983-01-16,6110.85,MovilePay
Sarah,Almeida,SarahSantosAlmeida@gustr.com,F,1980-08-22,9923.17,MovilePay
Rya,Alves,RyanGomesAlves@fleckens.hu,M,1995-05-19,6570.72,MovilePay
Felipe,Carvalho,FelipePereiraCarvalho@fleckens.hu,M,1954-03-23,8591.6,MovilePay
Lucas,Souza,LucasPereiraSouza@superrito.com,M,1944-08-22,5691.84,MovilePay
Emilly,Sousa,EmillyAzevedoSousa@armyspy.com,F,1978-10-15,5806.35,MovilePay
Carolina,Cardoso,CarolinaMeloCardoso@supermail.com,F,1983-10-25,9734.05,MovilePay
